{
  "project_info": {
    "project_number": "1913015423",
    "firebase_url": "https://ordering-system-a50f8.firebaseio.com",
    "project_id": "ordering-system-a50f8",
    "storage_bucket": "ordering-system-a50f8.appspot.com"
  },
  "client": [
    {
      "client_info": {
        "mobilesdk_app_id": "1:1913015423:android:024d0864ae0c8636d8434a",
        "android_client_info": {
          "package_name": "com.example.orderingsystem"
        }
      },
      "oauth_client": [
        {
          "client_id": "1913015423-521l62fhl015ngb0bb0isrtr5uqu7ees.apps.googleusercontent.com",
          "client_type": 1,
          "android_info": {
            "package_name": "com.example.orderingsystem",
            "certificate_hash": "f1f9c85b90c01fd5aab5fe9c14eda87ee4a33c47"
          }
        },
        {
          "client_id": "1913015423-f1effcnj4bljemclds1thfoan11oiqav.apps.googleusercontent.com",
          "client_type": 3
        }
      ],
      "api_key": [
        {
          "current_key": "AIzaSyAXty32MgeXxg-fFUQSJKa7qyViGgUXb4I"
        }
      ],
      "services": {
        "appinvite_service": {
          "other_platform_oauth_client": [
            {
              "client_id": "1913015423-f1effcnj4bljemclds1thfoan11oiqav.apps.googleusercontent.com",
              "client_type": 3
            },
            {
              "client_id": "1913015423-i6gn6440hdm09aasrrvdvm2ldsj687hu.apps.googleusercontent.com",
              "client_type": 2,
              "ios_info": {
                "bundle_id": "com.example.orderingsystem"
              }
            }
          ]
        }
      }
    }
  ],
  "configuration_version": "1"
}